title,author,genre,year,copies_available
Dune,Frank Herbert,Sci-Fi,1965,3
Foundation,Isaac Asimov,Sci-Fi,1951,2
Neuromancer,William Gibson,Sci-Fi,1984,1
The Hobbit,J.R.R. Tolkien,Fantasy,1937,4
A Game of Thrones,George R.R. Martin,Fantasy,1996,2
The Name of the Wind,Patrick Rothfuss,Fantasy,2007,0
And Then There Were None,Agatha Christie,Mystery,1939,3
The Big Sleep,Raymond Chandler,Mystery,1939,1
Gone Girl,Gillian Flynn,Mystery,2012,2
1984,George Orwell,Classic,1949,5
Pride and Prejudice,Jane Austen,Classic,1813,3
Moby-Dick,Herman Melville,Classic,1851,1
Sapiens,Yuval Noah Harari,Non-Fiction,2011,4
Educated,Tara Westover,Non-Fiction,2018,2
The Selfish Gene,Richard Dawkins,Non-Fiction,1976,1
