date,city,temperature_c,humidity_pct,precipitation_mm
2024-06-01,Austin,29.5,45,0.0
2024-06-01,Seattle,17.2,72,4.5
2024-06-01,Miami,31.0,80,12.0
2024-06-02,Austin,30.8,42,0.0
2024-06-02,Seattle,16.8,75,6.0
2024-06-02,Miami,31.5,78,8.5
2024-06-03,Austin,32.1,38,0.0
2024-06-03,Seattle,18.1,68,0.0
2024-06-03,Miami,30.2,82,20.0
2024-06-04,Austin,31.4,40,2.0
2024-06-04,Seattle,19.0,65,0.0
2024-06-04,Miami,29.8,85,25.5
2024-06-05,Austin,28.9,50,5.0
2024-06-05,Seattle,17.5,70,3.0
2024-06-05,Miami,30.9,79,10.0
2024-06-06,Austin,33.2,35,0.0
2024-06-06,Seattle,20.2,60,0.0
2024-06-06,Miami,31.8,77,6.0
2024-06-07,Austin,34.0,33,0.0
2024-06-07,Seattle,19.6,62,0.0
2024-06-07,Miami,32.4,75,4.0
2024-06-08,Austin,30.5,44,3.5
2024-06-08,Seattle,16.4,78,9.0
2024-06-08,Miami,30.1,83,18.0
2024-06-09,Austin,29.2,48,6.0
2024-06-09,Seattle,15.9,80,11.5
2024-06-09,Miami,29.5,86,22.0
2024-06-10,Austin,31.9,39,0.0
2024-06-10,Seattle,18.8,66,1.0
2024-06-10,Miami,31.2,76,7.5
