date,product,category,quantity,price
2024-01-03,Widget,Hardware,10,9.99
2024-01-04,Gadget,Electronics,5,19.99
2024-01-05,Widget,Hardware,8,9.99
2024-01-06,Gizmo,Electronics,3,29.99
2024-01-07,Widget,Hardware,12,9.99
2024-01-08,Cable,Accessories,20,4.99
2024-01-09,Gadget,Electronics,6,19.99
2024-01-10,Mouse,Accessories,15,14.99
2024-01-11,Gizmo,Electronics,4,29.99
2024-01-12,Widget,Hardware,7,9.99
2024-01-13,Keyboard,Accessories,9,24.99
2024-01-14,Gadget,Electronics,11,19.99
2024-01-15,Cable,Accessories,25,4.99
2024-01-16,Gizmo,Electronics,2,29.99
2024-01-17,Mouse,Accessories,13,14.99
2024-01-18,Widget,Hardware,9,9.99
2024-01-19,Keyboard,Accessories,6,24.99
2024-01-20,Gadget,Electronics,8,19.99
